day,month,time,distance,duration,staticDur
02,October,12:46:41,10674,1103s,1025s
02,October,12:46:46,10674,1103s,1025s
02,October,12:46:52,10674,1103s,1025s
02,October,12:46:57,10674,1103s,1025s
02,October,12:47:02,10674,1103s,1025s
02,October,12:47:08,10674,1103s,1025s
02,October,12:47:14,10674,1109s,1025s
02,October,12:47:19,10674,1109s,1025s
02,October,12:47:25,10674,1109s,1025s
02,October,12:47:31,10674,1109s,1025s
02,October,12:47:36,10674,1109s,1025s
02,October,12:47:42,10674,1109s,1025s
02,October,12:47:48,10674,1099s,1025s
02,October,12:47:53,10674,1099s,1025s
02,October,12:47:59,10674,1099s,1025s
02,October,12:48:04,10674,1099s,1025s
02,October,12:48:10,10674,1099s,1025s
02,October,12:48:16,10674,1099s,1025s
02,October,12:48:22,10674,1101s,1025s
02,October,12:48:27,10674,1101s,1025s
02,October,12:48:33,10674,1101s,1025s
02,October,12:48:38,10674,1101s,1025s
02,October,12:48:44,10674,1101s,1025s
02,October,12:48:49,10674,1101s,1025s
02,October,12:48:55,10674,1099s,1025s
02,October,12:49:01,10674,1099s,1025s
02,October,12:49:06,10674,1099s,1025s
02,October,12:49:12,10674,1099s,1025s
02,October,12:49:17,10674,1099s,1025s
02,October,12:49:23,10674,1099s,1025s
02,October,12:49:28,10674,1098s,1025s
02,October,12:49:33,10674,1098s,1025s
02,October,12:49:39,10674,1098s,1025s
02,October,12:49:44,10674,1098s,1025s
02,October,12:49:50,10674,1098s,1025s
02,October,12:49:55,10674,1098s,1025s
02,October,12:50:01,10674,1096s,1025s
02,October,12:50:06,10674,1096s,1025s
02,October,12:50:12,10674,1096s,1025s
02,October,12:50:17,10674,1096s,1025s
02,October,12:50:23,10674,1096s,1025s
02,October,12:50:28,10674,1096s,1025s
02,October,12:50:33,10674,1098s,1025s
02,October,12:50:39,10674,1098s,1025s
